{"train_loss": 0.0004296573461033404, "epoch": 10, "trainer/global_step": 3910, "_timestamp": 1712556964.567372, "_runtime": 426.3103461265564, "_step": 88, "val_loss": 0.7111597061157227, "avg_val_loss": 0.711181640625, "val_accuracy": 0.8292799592018127, "test_loss": 0.7111597061157227, "avg_test_loss": 0.711181640625, "test_accuracy": 0.8292799592018127, "_wandb": {"runtime": 308}}